Channel,Video_Title,Views,Posted,Url
Durga Software Solutions,PYTHON (CORE & ADVANCED) tutorials || Demo - 1 || by Mr. Prakash Babu On 20-08-2021 @10AM IST,6 ,9 minutes ago,https://www.youtube.com/watch?v=XQ8H8NcRZxY
Study Tech,5 - Class 11 | MCQ Questions of Computer Science | Python MCQ Class 11 ‚ù§Ô∏è,22 ,1 hour ago,https://www.youtube.com/watch?v=NEzGIi-j30M
Testbook.com,RISE - Android Vs Python | How to choose | Goutam Jaiswal,193 ,Streamed 1 hour ago,https://www.youtube.com/watch?v=omE1V1tg7y4
Shivam Study Point,reverse Method Python in Hindi,34 ,2 hours ago,https://www.youtube.com/watch?v=SHQrXQjNzQw
Newsfirst Sri Lanka,Wildlife Officers locate massive python in Balangoda,249 ,3 hours ago,https://www.youtube.com/watch?v=cybP2VBfeBE
Simplilearn,Python Turtle Graphics | Python Turtle COVID VIRUS Simulation | #Shorts | Simplilearn,567 ,3 hours ago,https://www.youtube.com/watch?v=Erw-9uP_HtM
Trading Campus,How to Scan NR4 & Inside Candlestick Patterns using Python on NSE Stocks,148 ,3 hours ago,https://www.youtube.com/watch?v=E55ye54qH-Y
Proxlight,Proxlight Designer 2021 | Modern GUI With Python | Automate Tkinter GUI Creation - Use Drag and Drop,74 ,3 hours ago,https://www.youtube.com/watch?v=Qf5cnJDSolE
Ajay Kumar,Learn python in hindi - 3 amazing projects using WHILE Loops- Check your scorecard after doing.,81 ,3 hours ago,https://www.youtube.com/watch?v=GXkt8WGEJ1c
WifiCoding,print c using python,62 ,4 hours ago,https://www.youtube.com/watch?v=Rs3BbVj_zfo
Animals Earth's,Big Python Climbing On Tree üå≥ #snake #reptiles #python #shorts,86 ,5 hours ago,https://www.youtube.com/watch?v=6YzXFXHgZpc
Durga Software Solutions,PYTHON tutorials || Demo - 3 || by Mr. Wilson On 20-08-2021 @8PM IST,190 ,6 hours ago,https://www.youtube.com/watch?v=XdfPs7-oGlY
Ëå∂Á±≥ËÄÅÂ∏´ÊïôÂÆ§,„Äê20210817 PythonÁ∂†ËÉΩÂ§ßÊï∏ÊìöÁßëÊäÄÊáâÁî®(‰∏Ä)„Äë,355 ,8 hours ago,https://www.youtube.com/watch?v=1VLLogDzdHA
edureka!,Data Science Project - Covid-19 Data Analysis | Python Training | Edureka | ML/DS Rewind - 5,3.7K ,Streamed 9 hours ago,https://www.youtube.com/watch?v=D1XvoYAXvLA
edureka!,Python for Data Analysis | | Data Science | Edureka | ML/DS Rewind - 4,1.2K ,Streamed 9 hours ago,https://www.youtube.com/watch?v=fgM1XQd0-2g
hickok45,2020 Python Close-up,43K ,11 hours ago,https://www.youtube.com/watch?v=rFqqiy9cYRE
Morgan Turner,"HUDA BEAUTY WILD OBSESSIONS PALETTES! PYTHON, JAGUAR & CHAMELEON",6.4K ,14 hours ago,https://www.youtube.com/watch?v=hziM7pabBXc
Skillbox –ü—Ä–æ–≥—Ä–∞–º–º–∏—Ä–æ–≤–∞–Ω–∏–µ,Python –¥–ª—è –Ω–∞—á–∏–Ω–∞—é—â–∏—Ö. –ú–∞—Ä–∞—Ñ–æ–Ω –ø–æ –ø—Ä–æ–≥—Ä–∞–º–º–∏—Ä–æ–≤–∞–Ω–∏—é,564 ,Streamed 14 hours ago,https://www.youtube.com/watch?v=GQ1mgSQ7XA0
Algovibes,"How I Learned Python - Learning Curve, Types Of Resources, Experiences",337 ,16 hours ago,https://www.youtube.com/watch?v=qCZiENV83rE
Martina Lily,Huda Beauty Wild Obsessions Python & Jaguar Palette Review + 2 Looks,244 ,16 hours ago,https://www.youtube.com/watch?v=yqKTWEEkObA
