Title,videourl,views,posted,Channelname,Channelurl
Python Tutorial - Python Full Course for Beginners,/watch?v=_uQrJ0TkZlc,26M views,3 years ago,Programming with Mosh,/c/programmingwithmosh
Learn Python - Full Course for Beginners [Tutorial],/watch?v=rfscVS0vtbw,32M views,3 years ago,freeCodeCamp.org,/c/Freecodecamp
Python Tutorial For Beginners In Hindi (With Notes) üî•,/watch?v=gfDE2a7MKjA,13M views,1 year ago,CodeWithHarry,/c/CodeWithHarry
Python for Beginners - Learn Python in 1 Hour,/watch?v=kqtD5dpn9C8,5.1M views,1 year ago,Programming with Mosh,/c/programmingwithmosh
Learn Python In Tamil | Complete Python Tutorial in One Video Tamil,/watch?v=Yp_tqu22zIU,676K views,11 months ago,Tutor Joe's Stanley,/c/tutorjoes
Python Tutorial for Beginners - Learn Python in 5 Hours [FULL COURSE],/watch?v=t8pPdKYpowI,2.5M views,1 year ago,TechWorld with Nana,/c/TechWorldwithNana
Python Full Course - Learn Python in 12 Hours | Python Tutorial For Beginners | Edureka,/watch?v=WGJJIrtnfpk,4.9M views,2 years ago,edureka!,/c/edurekaIN
Learn Python In Tamil | Beginner to Advance Complete guide | Tamil Hacks,/watch?v=mhdExzt7AnU,1.7M views,2 years ago,Tamil Hacks 2.0,/c/TamilHacks20
Python Tutorial for Beginners | Learn Python in 1.5 Hours,/watch?v=vLqTf2b6GZw,1.6M views,5 months ago,Apna College,/c/ApnaCollegeOfficial
PYTHON TUTORIAL FOR BEGINNERS IN 6 HOURS (‡∞§‡±Ü‡∞≤‡±Å‡∞ó‡±Å ‡∞≤‡±ã),/watch?v=9hVzEKZQyMU,2.5M views,1 year ago,Sundeep Saradhi Kanthety,/c/SundeepSaradhi
Python for Beginners | Full Course,/watch?v=YfO28Ihehbk,1.2M views,3 years ago,Telusko,/c/Telusko
Python full course in telugu in 1 hour | Complete python course | Vamsi Bhavani,/watch?v=WHY3bz5_QdI,73K views,2 months ago,Vamsi Bhavani,/c/VamsiBhavani
Python Full Course üêç -Learn to code today-„ÄêùôÅùôßùôöùôö„Äë,/watch?v=XKHEtdqhLK8,4.1M views,1 year ago,Bro Code,/c/BroCodez
Python Basics | Python Tutorial For Beginners | Learn Python Programming from Scratch | Edureka,/watch?v=woVJ4N5nl_s,955K views,Streamed 2 years ago,edureka!,/c/edurekaIN
